1.11,5.66604340189245e-05
1.12,3.7773622679283e-05
1.13,1.88868113396415e-05
1.14,3.7773622679283e-05
1.15,1.88868113396415e-05
1.16,1.88868113396415e-05
1.17,0.000226641736075698
1.18,9.44340566982076e-05
1.19,0.000207754924736057
1.2,0.000132207679377491
1.21,0.000226641736075698
1.22,0.000113320868037852
1.23,3.77736226792822e-05
1.24,0.000113320868037852
1.25,5.66604340189245e-05
1.26,5.66604340189245e-05
1.27,0.000113320868037849
1.28,1.88868113396415e-05
1.29,0.000113320868037849
1.3,0.000132207679377491
1.31,0.000472170283491038
1.32,0.000491057094830679
1.33,0.000321075792773906
1.34,0.000188868113396415
1.35,0.000169981302056774
1.36,0.000151094490717132
1.37,0.000113320868037849
1.38,0.000226641736075698
1.39,0.000472170283491038
1.4,0.000396623038132472
1.41,0.000358849415453189
1.42,0.000453283472151396
1.43,0.000491057094830679
1.44,0.000604377962868528
1.45,0.000642151585547811
1.46,0.00062326477420817
1.47,0.000642151585547826
1.48,0.00115209549171811
1.49,0.000925453755642455
1.5,0.000944340566982055
1.51,0.00103877462368031
1.52,0.00118986911439742
1.53,0.000982114189661359
1.54,0.00134096360511455
1.55,0.00183202069994523
1.56,0.00166203939788845
1.57,0.00179424707726594
1.58,0.00188868113396415
1.59,0.00205866243602092
1.6,0.00196422837932272
1.61,0.00211532287003985
1.62,0.00168092620922809
1.63,0.00169981302056774
1.64,0.00186979432262451
1.65,0.00264415358754981
1.66,0.00343739966381476
1.67,0.00317298430505977
1.68,0.00372070183390946
1.69,0.00334296560711647
1.7,0.00375847545658874
1.71,0.00332407879577683
1.72,0.00402289081534373
1.73,0.00430619298543817
1.74,0.0049105709483069
1.75,0.00525053355242022
1.76,0.00636485542145933
1.77,0.00572270383591125
1.78,0.00708255425236572
1.79,0.00764915859255464
1.8,0.00870682002757493
1.81,0.00889568814097115
1.82,0.00987780233063251
1.83,0.011011011011011
1.84,0.0126919372202391
1.85,0.0126919372202391
1.86,0.013013013013013
1.87,0.0135040701078437
1.88,0.0142973161841086
1.89,0.01475059965626
1.9,0.0159593555819971
1.91,0.0178291499046216
1.92,0.0183013201881126
1.93,0.0193778684344722
1.94,0.0217764934746067
1.95,0.0234385328724956
1.96,0.0258560447239687
1.97,0.026743724856933
1.98,0.0279147071599895
1.99,0.0295578597465396
2,0.0326930704289187
2.01,0.0354316580731683
2.02,0.0358849415453181
2.03,0.0380002644153596
2.04,0.0419853816080221
2.05,0.0430808166657232
2.06,0.0464804427068567
2.07,0.0500500500500511
2.08,0.0513532400324864
2.09,0.0564337922828476
2.1,0.0635541201578923
2.11,0.0664438022928603
2.12,0.066934859387691
2.13,0.0713165996184848
2.14,0.076567133170905
2.15,0.0786069087955897
2.16,0.0834041588758588
2.17,0.0873892760685193
2.18,0.0910533174684097
2.19,0.0928286777343401
2.2,0.101762139497991
2.21,0.104991784237065
2.22,0.112508735150242
2.23,0.115379530473873
2.24,0.11709823030578
2.25,0.124539633973593
2.26,0.128996921449754
2.27,0.137647081043304
2.28,0.146202806580168
2.29,0.152038831284118
2.3,0.160216820594175
2.31,0.16473076850435
2.32,0.169811320754721
2.33,0.176327270666897
2.34,0.188433716735599
2.35,0.199652482671346
2.36,0.204695261299039
2.37,0.203750920732057
2.38,0.221787825561405
2.39,0.229059247927167
2.4,0.236595085651694
2.41,0.245131924377213
2.42,0.253876518027456
2.43,0.265586341058033
2.44,0.275294162086621
2.45,0.282471150395685
2.46,0.296881787447818
2.47,0.312104557387569
2.48,0.317090675581248
2.49,0.331992369728226
2.5,0.336902940676518
2.51,0.35021814267098
2.52,0.361984626135561
2.53,0.374034411770269
2.54,0.383931100912241
2.55,0.387595142312115
2.56,0.406670821765152
2.57,0.412979016752611
2.58,0.424669952971849
2.59,0.438608419740485
2.6,0.455323247776067
2.61,0.46680642907059
2.62,0.473227944926068
2.63,0.491170415698706
2.64,0.498290743573751
2.65,0.513305758588788
2.66,0.53166373921092
2.67,0.533722401646918
2.68,0.544242355563098
2.69,0.557689765236947
2.7,0.565659999622276
2.71,0.576803218312639
2.72,0.591006100440049
2.73,0.593518046348248
2.74,0.597238748182157
2.75,0.610044006270407
2.76,0.61829754282583
2.77,0.629856271365719
2.78,0.644153587549828
2.79,0.660660660660675
2.8,0.658469790545247
2.81,0.666383364496557
2.82,0.673107069333499
2.83,0.685100194534171
2.84,0.685874553799066
2.85,0.698868680000739
2.86,0.704005892685153
2.87,0.701947230249132
2.88,0.714015902695131
2.89,0.708595387840654
2.9,0.716490074980656
2.91,0.720418531739302
2.92,0.729068691332825
2.93,0.722930477647442
2.94,0.726065688329855
2.95,0.733771507356429
2.96,0.744197027215878
2.97,0.740967382476799
2.98,0.740778514363436
2.99,0.753281583470279
3,0.746784520369409
3.01,0.746425670953956
3.02,0.754358131716638
3.03,0.750542995826031
3.04,0.743838177800458
3.05,0.743705970121047
3.06,0.7493531267116
3.07,0.755736868944432
3.08,0.755170264604243
3.09,0.748484333389976
3.1,0.752866073620773
3.11,0.746406784142649
3.12,0.73634011369862
3.13,0.730844051598719
3.14,0.73052297580601
3.15,0.732581638242031
3.16,0.725215781819571
3.17,0.714015902695163
3.18,0.713298203864193
3.19,0.70521464861089
3.2,0.715829036583769
3.21,0.712750486335407
3.22,0.710786257956021
3.23,0.707159990178873
3.24,0.699359737095601
3.25,0.69254159820199
3.26,0.687045536102094
3.27,0.677186620582861
3.28,0.67040625531193
3.29,0.671161727765516
3.3,0.661718322095636
3.31,0.653842521767064
3.32,0.643870285379733
3.33,0.638317562845878
3.34,0.624889039983337
3.35,0.616371088069214
3.36,0.608986344835414
3.37,0.59653993616259
3.38,0.596143313124405
3.39,0.593348065046191
3.4,0.58335694184752
3.41,0.578521918144572
3.42,0.573384705460189
3.43,0.569739550871588
3.44,0.560919409976026
3.45,0.555480008310209
3.46,0.552703647043281
3.47,0.540143917502372
3.48,0.534156798307753
3.49,0.53113490849341
3.5,0.528925151566672
3.51,0.516969799988633
3.52,0.512512512512523
3.53,0.498555158932528
3.54,0.498139649083056
3.55,0.492662473794516
3.56,0.484956654767986
3.57,0.472189170302388
3.58,0.467203052108722
3.59,0.45624870153169
3.6,0.454057831416332
3.61,0.447428560636117
3.62,0.438778401042561
3.63,0.428995032768589
3.64,0.426974143955285
3.65,0.418342871173069
3.66,0.418135116248333
3.67,0.408370634785738
3.68,0.399701588380807
3.69,0.395773131622197
3.7,0.388105086218302
3.71,0.385951989725583
3.72,0.375809772036162
3.73,0.365950856516902
3.74,0.358868302264536
3.75,0.35552533665742
3.76,0.345723081572115
3.77,0.338376111961025
3.78,0.328422762385034
3.79,0.327988365724222
3.8,0.320339207131638
3.81,0.31597635371221
3.82,0.308704931346447
3.83,0.305361965739331
3.84,0.298770468581769
3.85,0.293236632859281
3.86,0.289893667252164
3.87,0.282320055904968
3.88,0.279468147392657
3.89,0.278769335373115
3.9,0.265567454246705
3.91,0.26637958713431
3.92,0.26109127995921
3.93,0.258201597824222
3.94,0.251987836893503
3.95,0.252497780799673
3.96,0.240617976467038
3.97,0.233743177139388
3.98,0.236425104349638
3.99,0.231665627892048
4,0.223600959450021
4.01,0.228152680982854
4.02,0.221674504693377
4.03,0.222014467297491
4.04,0.215252988837899
4.05,0.210399078323592
4.06,0.20626286664023
4.07,0.202882127410434
4.08,0.200256860634223
4.09,0.196687253291014
4.1,0.19094566264378
4.11,0.188358169490249
4.12,0.18303208869247
4.13,0.180860105388395
4.14,0.172814323757724
4.15,0.174117513740159
4.16,0.170680114076344
4.17,0.165996184864098
4.18,0.164655221258998
4.19,0.159008064668445
4.2,0.157742648308689
4.21,0.155249589211857
4.22,0.1522276993975
4.23,0.147600430619302
4.24,0.143634200237977
4.25,0.141821066349371
4.26,0.139271346818507
4.27,0.134738512097006
4.28,0.135947268022743
4.29,0.130923376206398
4.3,0.131376659678538
4.31,0.129790167526019
4.32,0.128505864354924
4.33,0.121461083725237
4.34,0.123689727463304
4.35,0.117929250004724
4.36,0.114888473379042
4.37,0.110355638657528
4.38,0.110412299091537
4.39,0.106181653351467
4.4,0.106427181898882
4.41,0.107787032315336
4.42,0.103461952518549
4.43,0.100383402270197
4.44,0.103877462368031
4.45,0.0993257408351769
4.46,0.0967193608703063
4.47,0.0947551324909752
4.48,0.0894857121272235
4.49,0.0887302396736378
4.5,0.086293841010824
4.51,0.0845373675562298
4.52,0.0833474984418398
4.53,0.0795701361739115
4.54,0.0791357395130997
4.55,0.0773226056244872
4.56,0.0768315485296634
4.57,0.0763593782461723
4.58,0.0736585642246035
4.59,0.072921978582351
4.6,0.0693523712391652
4.61,0.0672181615577856
4.62,0.0675014637278803
4.63,0.0657638770846274
4.64,0.0653105936124818
4.65,0.0650650650650665
4.66,0.0634219124785176
4.67,0.0622509301754543
4.68,0.0597200974559478
4.69,0.0614010236651759
4.7,0.0590590590590603
4.71,0.0566037735849069
4.72,0.0562071505467694
4.73,0.0549795078096977
4.74,0.0539029595633381
4.75,0.0524864487128649
4.76,0.0519387311840107
4.77,0.0506733148242593
4.78,0.0493512380304844
4.79,0.0477458590666148
4.8,0.0480669348593844
4.81,0.0449506109883478
4.82,0.0448184033089703
4.83,0.0439684967986864
4.84,0.0418909475513221
4.85,0.0427408540616097
4.86,0.0400967004740598
4.87,0.0408143993049662
4.88,0.0387179632462625
4.89,0.0378113963019631
4.9,0.0371692447164153
4.91,0.0350161482236961
4.92,0.0348650537329759
4.93,0.034865053732979
4.94,0.0334107692598266
4.95,0.0323908814474859
4.96,0.0320886924660516
4.97,0.0312576727671046
4.98,0.0307666156722767
4.99,0.0300866904640496
5,0.0298789355393135
5.01,0.0278580467259694
5.02,0.0274991973105187
5.03,0.0278958203486511
5.04,0.0260826864600455
5.05,0.0270648006497045
5.06,0.0267248380455933
5.07,0.0255916293652148
5.08,0.0242695525714399
5.09,0.0221353428900584
5.1,0.02268306041891
5.11,0.0212476627570972
5.12,0.0203788694354718
5.13,0.0209832473983422
5.14,0.0211910023230782
5.15,0.020888813341644
5.16,0.0199822463973394
5.17,0.0189812453963401
5.18,0.0183202069994527
5.19,0.0189056981509816
5.2,0.0180746784520373
5.21,0.0165448467335249
5.22,0.0158838083366389
5.23,0.0152605435624307
5.24,0.0142028821274107
5.25,0.0142217689387491
5.26,0.0144295238634864
5.27,0.0139195799573161
5.28,0.0132774283717683
5.29,0.0121631065027283
5.3,0.0129563525789944
5.31,0.0115209549171816
5.32,0.0115776153512005
5.33,0.0116909362192373
5.34,0.0112376527470869
5.35,0.0104632934821616
5.36,0.0106899352182373
5.37,0.0105955011615382
5.38,0.0107277088409166
5.39,0.00955672653785882
5.4,0.00987780233063273
5.41,0.0091034430657066
5.42,0.0093678584244624
5.43,0.00929231117910383
5.44,0.00897123538632992
5.45,0.00936785842446157
5.46,0.0092356507450849
5.47,0.00874459365025421
5.48,0.00829131017810281
5.49,0.00795134757398925
5.5,0.00744140366781826
5.51,0.00802689481934782
5.52,0.00696923338432787
5.53,0.00657261034619539
5.54,0.00700700700700653
5.55,0.00606266644002506
5.56,0.00698812019566751
5.57,0.00695034657298823
5.58,0.00687479932762905
5.59,0.00659149715753503
5.6,0.00627042136476112
5.61,0.00670481802557289
5.62,0.00611932687404344
5.63,0.00604377962868542
5.64,0.00581713789260971
5.65,0.00553383572251509
5.66,0.00523164674108035
5.67,0.00506166543902404
5.68,0.00555272253385473
5.69,0.00506166543902404
5.7,0.00489168413696683
5.71,0.00451394791017442
5.72,0.00519387311840153
5.73,0.00457060834419335
5.74,0.00415509849472123
5.75,0.00406066443802265
5.76,0.00500500500500511
5.77,0.00464615558955192
5.78,0.00440062704213657
5.79,0.00421175892873978
5.8,0.00426841936275908
5.81,0.00421175892874015
5.82,0.00413621168338158
5.83,0.00341851285247489
5.84,0.00353183372051304
5.85,0.00317298430505984
5.86,0.00334296560711662
5.87,0.00326741836175776
5.88,0.00338073922979591
5.89,0.00336185241845626
5.9,0.00302188981434271
5.91,0.0028141348896064
5.92,0.00287079532362557
5.93,0.00349406009783376
5.94,0.00241751185147417
5.95,0.00266304039888928
5.96,0.00253083271951202
5.97,0.00253083271951202
5.98,0.00226641736075703
5.99,0.00188868113396419
6,0.00194534156798295
6.01,0.0021153228700399
6.02,0.00207754924736061
6.03,0.00188868113396419
6.04,0.00220975692673791
6.05,0.00196422837932276
6.06,0.00236085141745524
6.07,0.00226641736075703
6.08,0.00198311519066223
6.09,0.00164315258654885
6.1,0.00186979432262455
6.11,0.00185090751128491
6.12,0.00220975692673791
6.13,0.00202088881334169
6.14,0.00156760534119028
6.15,0.001529831718511
6.16,0.00152983171851086
6.17,0.00143539766181279
6.18,0.00132207679377494
6.19,0.00145428447315243
6.2,0.00141651085047302
6.21,0.00105766143501995
6.22,0.00120875592573708
6.23,0.00120875592573708
6.24,0.00143539766181279
6.25,0.00113320868037842
6.26,0.00098211418966138
6.27,0.00115209549171816
6.28,0.00128430317109565
6.29,0.000831019698944171
6.3,0.000717698830906393
6.31,0.000812132887604603
6.32,0.000887680132963171
6.33,0.000849906510283811
6.34,0.000849906510283887
6.35,0.00100100100100102
6.36,0.000774359264925319
6.37,0.000585491151528848
6.38,0.000812132887604603
6.39,0.00101988781234066
6.4,0.00049105709483069
6.41,0.000415509849472086
6.42,0.000604377962868542
6.43,0.000604377962868542
6.44,0.000472170283491048
6.45,0.000642151585547769
6.46,0.000415509849472122
6.47,0.000604377962868542
6.48,0.000415509849472122
6.49,0.000509943906170332
6.5,0.000453283472151366
6.51,0.000358849415453197
6.52,0.000509943906170332
6.53,0.000717698830906393
6.54,0.000491057094830647
6.55,0.000339962604113555
6.56,0.000472170283491048
6.57,0.000434396660811764
6.58,0.000434396660811726
6.59,0.000453283472151406
6.6,0.000434396660811764
6.61,0.000453283472151406
6.62,0.000661038396887409
6.63,0.000396623038132481
6.64,0.000434396660811764
6.65,0.000321075792773913
6.66,0.000358849415453165
6.67,0.000396623038132481
6.68,0.000377736226792839
6.69,0.000396623038132481
6.7,0.000528830717509927
6.71,0.000396623038132481
6.72,0.000302188981434271
6.73,0.000226641736075703
6.74,0.000245528547415345
6.75,0.000321075792773884
6.76,0.000245528547415345
6.77,0.000321075792773913
6.78,0.000264415358754987
6.79,0.000321075792773884
6.8,0.000207754924736061
6.81,0.000207754924736061
6.82,0.000415509849472122
6.83,0.000151094490717122
6.84,0.000226641736075703
6.85,0.000113320868037852
6.86,0.000151094490717135
6.87,0.000245528547415323
6.88,0.000226641736075703
6.89,0.000169981302056777
6.9,0.000188868113396419
6.91,0.000169981302056762
6.92,0.000207754924736061
6.93,0.000302188981434271
6.94,0.000339962604113555
6.95,0.000188868113396403
6.96,0.000151094490717135
6.97,0.000188868113396419
6.98,0.000169981302056777
6.99,0.000321075792773913
7,0.000321075792773884
7.01,0.000302188981434271
7.02,0.000226641736075703
7.03,0.000132207679377494
7.04,9.44340566982013e-05
7.05,0.000132207679377494
7.06,0.000132207679377494
7.07,0.000188868113396419
7.08,0.000151094490717122
7.09,0.000302188981434271
7.1,7.55472453585677e-05
7.11,7.55472453585677e-05
7.12,0.000151094490717122
7.13,1.88868113396419e-05
7.14,5.66604340189258e-05
7.15,3.77736226792839e-05
7.16,1.88868113396403e-05
7.17,7.55472453585677e-05
7.18,5.66604340189258e-05
7.19,3.77736226792839e-05
7.2,5.66604340189208e-05
7.21,0
7.22,1.88868113396419e-05
7.23,0
7.24,1.88868113396403e-05
7.25,0
7.26,1.88868113396419e-05
7.27,1.88868113396419e-05
7.28,0
7.29,1.88868113396403e-05
7.3,0
7.31,1.88868113396419e-05
7.32,1.88868113396419e-05
7.33,0
7.34,1.88868113396419e-05
7.35,1.88868113396419e-05
7.36,0
7.37,1.88868113396403e-05
7.38,1.88868113396419e-05
7.39,0
7.4,3.77736226792839e-05
7.41,0
7.42,1.88868113396419e-05
7.43,1.88868113396419e-05
7.44,0
7.45,1.88868113396403e-05
7.46,1.88868113396419e-05
7.47,1.88868113396419e-05
7.48,0
7.49,3.77736226792805e-05
7.5,0
7.51,0
7.52,3.77736226792839e-05
7.53,0
7.54,3.77736226792805e-05
7.55,0
7.56,1.88868113396419e-05
7.57,1.88868113396419e-05
7.58,1.88868113396403e-05
7.59,3.77736226792839e-05
7.6,1.88868113396419e-05
7.61,1.88868113396419e-05
7.62,3.77736226792805e-05
7.63,3.77736226792839e-05
7.64,1.88868113396419e-05
7.65,3.77736226792839e-05
7.66,3.77736226792805e-05
7.67,1.88868113396419e-05
7.68,3.77736226792839e-05
7.69,5.66604340189258e-05
7.7,5.66604340189208e-05
