0.64,1.82438272922548e-05
0.65,9.12191364612739e-06
0.66,1.82438272922548e-05
0.67,9.12191364612739e-06
0.68,4.5609568230637e-05
0.69,1.8243827292255e-05
0.7,1.82438272922548e-05
0.71,9.12191364612739e-06
0.72,0
0.73,1.82438272922548e-05
0.74,9.12191364612739e-06
0.75,9.12191364612739e-06
0.76,9.12191364612739e-06
0.77,9.12191364612739e-06
0.78,2.73657409383822e-05
0.79,9.12191364612739e-06
0.8,9.12191364612739e-06
0.81,5.47314818767644e-05
0.82,8.20972228151465e-05
0.83,4.5609568230637e-05
0.84,5.4731481876765e-05
0.85,5.47314818767644e-05
0.86,3.64876545845096e-05
0.87,7.29753091690191e-05
0.88,7.29753091690191e-05
0.89,3.64876545845096e-05
0.9,6.38533955228918e-05
0.91,4.5609568230637e-05
0.92,6.38533955228925e-05
0.93,3.64876545845096e-05
0.94,8.20972228151465e-05
0.95,0.000118584877399656
0.96,5.47314818767644e-05
0.97,6.38533955228918e-05
0.98,0.000118584877399656
0.99,8.20972228151465e-05
1,7.29753091690191e-05
1.01,0.000127706791045784
1.02,0.00017331635927642
1.03,0.000145950618338038
1.04,0.000145950618338038
1.05,0.000228047841153185
1.06,0.000118584877399656
1.07,0.000218925927507057
1.08,0.000100341050107401
1.09,9.12191364612739e-05
1.1,0.000164194445630293
1.11,9.12191364612739e-05
1.12,0.000191560186568679
1.13,0.000209804013860925
1.14,0.000173316359276424
1.15,0.000145950618338035
1.16,0.000136828704691914
1.17,0.000127706791045781
1.18,0.000182438272922552
1.19,0.000182438272922544
1.2,0.000164194445630297
1.21,0.000127706791045784
1.22,0.000282779323029949
1.23,0.000255413582091567
1.24,0.000301023150322204
1.25,0.000255413582091567
1.26,0.000310145063968331
1.27,0.000364876545845096
1.28,0.000401364200429605
1.29,0.000410486114075733
1.3,0.000547314818767644
1.31,0.000747996918982446
1.32,0.00062941204158279
1.33,0.000784484573566956
1.34,0.000611168214290535
1.35,0.000784484573566973
1.36,0.000839216055443702
1.37,0.00106726389659693
1.38,0.0010398981556585
1.39,0.0011584830330582
1.4,0.00131355556504232
1.41,0.00141389661514978
1.42,0.00118584877399653
1.43,0.00135004321962688
1.44,0.00176965124734867
1.45,0.00168755402453361
1.46,0.00151423766525711
1.47,0.00165106636994909
1.48,0.00165106636994906
1.49,0.00176052933370259
1.5,0.00230784415247023
1.51,0.00221662501600896
1.52,0.00270920835289984
1.53,0.00255413582091567
1.54,0.0027639398347766
1.55,0.00250852625268503
1.56,0.0029646219349914
1.57,0.00278218366206885
1.58,0.00270008643925371
1.59,0.00369437502668159
1.6,0.00315618212156015
1.61,0.00363964354480475
1.62,0.00385856947231197
1.63,0.00413222688169562
1.64,0.00425993367274159
1.65,0.00463393213223261
1.66,0.00529983182840013
1.67,0.00572856176976788
1.68,0.00646743677510447
1.69,0.00615729171113585
1.7,0.00635797381135093
1.71,0.00748909110347042
1.72,0.00675933801178055
1.73,0.00805464974953031
1.74,0.00831006333162224
1.75,0.00860196456829794
1.76,0.00920401086894274
1.77,0.00898508494143528
1.78,0.00974220377406427
1.79,0.010864199152538
1.8,0.0114115139713051
1.81,0.012223364285811
1.82,0.0122507300267488
1.83,0.0143214044244203
1.84,0.0145768180065112
1.85,0.0152883272709099
1.86,0.0167660772815818
1.87,0.0182255834649629
1.88,0.01893709272936
1.89,0.0198948936622043
1.9,0.0216098134276753
1.91,0.0234615618978402
1.92,0.0247842393765276
1.93,0.0260156977187559
1.94,0.0265721344511685
1.95,0.0261069168552172
1.96,0.0285789554533165
1.97,0.0309780187422493
1.98,0.0326382070258431
1.99,0.0337693243179644
2,0.0353656592060351
2.01,0.0385400851548891
2.02,0.0409300265301727
2.03,0.0429824571005532
2.04,0.045399764216777
2.05,0.0482549231880128
2.06,0.0519675420419889
2.07,0.0531260250750448
2.08,0.0567383028789136
2.09,0.0597120467275486
2.1,0.0633152026177716
2.11,0.0675112828949873
2.12,0.0707404403257195
2.13,0.0736412088651848
2.14,0.0749000329483537
2.15,0.0812123971914704
2.16,0.0869135932203037
2.17,0.0917390855391012
2.18,0.0959078000753855
2.19,0.100851877271582
2.2,0.105212151994436
2.21,0.110366033204493
2.22,0.117353419057432
2.23,0.122388715390089
2.24,0.126511820358144
2.25,0.135925635240941
2.26,0.140012252554412
2.27,0.146835443961709
2.28,0.153074832895667
2.29,0.164395127730504
2.3,0.168864865417114
2.31,0.177904681840426
2.32,0.18232880995879
2.33,0.190073314644361
2.34,0.198273915012221
2.35,0.207204268471788
2.36,0.215596429026216
2.37,0.221160796350364
2.38,0.229042129740608
2.39,0.240262083525355
2.4,0.2449598690531
2.41,0.255623386105434
2.42,0.266642657789944
2.43,0.27666764088705
2.44,0.291718798403148
2.45,0.29883389104714
2.46,0.303923918861666
2.47,0.319677463728542
2.48,0.324822223024943
2.49,0.334454963835268
2.5,0.347946274117876
2.51,0.358947301975121
2.52,0.37092437459247
2.53,0.376835374635177
2.54,0.390582098499874
2.55,0.403982189646053
2.56,0.415858921213311
2.57,0.423065232993733
2.58,0.437423125072757
2.59,0.453906423031289
2.6,0.46985152808474
2.61,0.474786483367274
2.62,0.48711931061686
2.63,0.496615222722457
2.64,0.506147622482659
2.65,0.515743875638408
2.66,0.528395969865564
2.67,0.538557781667373
2.68,0.542644398980838
2.69,0.557586093533171
2.7,0.56704551798423
2.71,0.578913127637816
2.72,0.585781928613376
2.73,0.598552607717928
2.74,0.602675712686004
2.75,0.61633121741423
2.76,0.622278705111532
2.77,0.631792861044415
2.78,0.637968396582872
2.79,0.640112046289683
2.8,0.654187159045687
2.81,0.659249821119258
2.82,0.670852895277162
2.83,0.675377364445611
2.84,0.686588196316732
2.85,0.691249494189872
2.86,0.69648547262278
2.87,0.698309855351975
2.88,0.71262213786278
2.89,0.710396390933093
2.9,0.711865019030151
2.91,0.71659929221246
2.92,0.719992644088851
2.93,0.72521950060805
2.94,0.728083781492966
2.95,0.730190943545222
2.96,0.733657270730718
2.97,0.734076878758472
2.98,0.732571763006829
2.99,0.740982167388591
3,0.733356247580396
3.01,0.736430332479173
3.02,0.731604840160339
3.03,0.740845338683899
3.04,0.747267165890739
3.05,0.743134939009077
3.06,0.742551136535692
3.07,0.737716522303277
3.08,0.739732465219038
3.09,0.738583104099659
3.1,0.739440563982362
3.11,0.739997000714809
3.12,0.738902371077241
3.13,0.73304610251646
3.14,0.728366560815964
3.15,0.721461272185878
3.16,0.721680198113353
3.17,0.718660844696516
3.18,0.716234415666615
3.19,0.706747625474674
3.2,0.698291611524714
3.21,0.694232359952156
3.22,0.692125197899931
3.23,0.680312319728166
3.24,0.678050085143956
3.25,0.670579237867748
3.26,0.66857241686563
3.27,0.660919131316499
3.28,0.653767551017965
3.29,0.64744606486117
3.3,0.640385703699096
3.31,0.637393716023137
3.32,0.631929689749135
3.33,0.623619626417485
3.34,0.615793024509136
3.35,0.611697285281997
3.36,0.603852439546355
3.37,0.596554908629426
3.38,0.591674684828774
3.39,0.584295056689031
3.4,0.578712445537627
3.41,0.571953107525821
3.42,0.565987376001279
3.43,0.553955571902012
3.44,0.552870064178147
3.45,0.53533774615029
3.46,0.529289917402884
3.47,0.526972951336791
3.48,0.519374397269544
3.49,0.51446680772795
3.5,0.507078057674564
3.51,0.501988029860048
3.52,0.497554779828008
3.53,0.484136444854576
3.54,0.485906096101903
3.55,0.471228937045305
3.56,0.469039677770214
3.57,0.466704467876826
3.58,0.449865415286055
3.59,0.452054674561145
3.6,0.445933870504574
3.61,0.436009228457607
3.62,0.427927212967119
3.63,0.419598905808223
3.64,0.418112033883886
3.65,0.406545447380615
3.66,0.402832828526623
3.67,0.39449539945408
3.68,0.385519436426273
3.69,0.381642623126686
3.7,0.372557197135127
3.71,0.367914143089264
3.72,0.366354295855777
3.73,0.36032471093567
3.74,0.349305439251164
3.75,0.351886940813002
3.76,0.340074062641283
3.77,0.334026233893885
3.78,0.332475508574059
3.79,0.326792556372507
3.8,0.322632963749887
3.81,0.315563480674124
3.82,0.309643358717801
3.83,0.302692460519439
3.84,0.299700472843522
3.85,0.293023232054544
3.86,0.286245650215484
3.87,0.281575230428654
3.88,0.277178468051233
3.89,0.271732685604483
3.9,0.265748710252635
3.91,0.264170619191843
3.92,0.259454589836807
3.93,0.254610853690702
3.94,0.246364643754614
3.95,0.243865239415564
3.96,0.240782032603184
3.97,0.234487912187356
3.98,0.232517578839782
3.99,0.228923544863218
4,0.224882537117984
4.01,0.222072987714976
4.02,0.214629506179717
4.03,0.210998984548577
4.04,0.211637518503806
4.05,0.204713986046396
4.06,0.202989944367259
4.07,0.198948936622043
4.08,0.19561031622756
4.09,0.191660527618787
4.1,0.185713039921495
4.11,0.185548845475881
4.12,0.180194282165605
4.13,0.176463419484338
4.14,0.173252505880886
4.15,0.167505700283841
4.16,0.16640194873266
4.17,0.164942442549279
4.18,0.16045446103537
4.19,0.158119251141976
4.2,0.151888984121671
4.21,0.151578839057702
4.22,0.148723680086464
4.23,0.146853687788995
4.24,0.141727172319884
4.25,0.139656497922213
4.26,0.136974655310252
4.27,0.132961013305944
4.28,0.130187951557533
4.29,0.130279170693994
4.3,0.126867574990343
4.31,0.125855042575611
4.32,0.123419491632106
4.33,0.121020428343175
4.34,0.119351118145933
4.35,0.114461772431599
4.36,0.11354045915335
4.37,0.11208095296997
4.38,0.108432187511519
4.39,0.106024002308932
4.4,0.102904307841965
4.41,0.103533719883548
4.42,0.101681971413384
4.43,0.0992372985562133
4.44,0.098516667378178
4.45,0.0952145346382798
4.46,0.0949499991425422
4.47,0.0930435191905015
4.48,0.0917208417118048
4.49,0.0908907475700154
4.5,0.0894950947821578
4.51,0.0875977367437633
4.52,0.0845510175859492
4.53,0.0834472660347752
4.54,0.0829455607842382
4.55,0.081002593177613
4.56,0.0804461564451921
4.57,0.077855532969699
4.58,0.0770984141370704
4.59,0.0752740314078449
4.6,0.072382384782016
4.61,0.0720083863225312
4.62,0.071707363172209
4.63,0.0694724943289078
4.64,0.0684234742596031
4.65,0.0661065081934808
4.66,0.0655683152883652
4.67,0.0648568060239672
4.68,0.0625398399578508
4.69,0.0603140930281903
4.7,0.0590826346859684
4.71,0.0579880050484331
4.72,0.0575683970207113
4.73,0.0576596161571725
4.74,0.0566105960878628
4.75,0.0535912426709996
4.76,0.0528979772338939
4.77,0.0511830574684219
4.78,0.0492309679481463
4.79,0.0485741901656295
4.8,0.0478626809012315
4.81,0.0461477611357595
4.82,0.0459835666901251
4.83,0.0452720574257313
4.84,0.0440497209971502
4.85,0.0438307950696431
4.86,0.0424625080227202
4.87,0.0422800697498014
4.88,0.0416962672764492
4.89,0.0404739308478681
4.9,0.0401637857838962
4.91,0.0390417904054261
4.92,0.0390691561463645
4.93,0.0377738444086144
4.94,0.0378194539768417
4.95,0.0357852672337586
4.96,0.0361227780386653
4.97,0.0350463922284222
4.98,0.0345902965461128
4.99,0.0332311314128428
5,0.0316165526974782
5.01,0.0307590928147423
5.02,0.0309050434330803
5.03,0.0303942162688945
5.04,0.0300202178094059
5.05,0.0295914878680379
5.06,0.0289255881718706
5.07,0.0280316406345476
5.08,0.0278218366206892
5.09,0.0277123736569356
5.1,0.0271741807518141
5.11,0.0261342825961532
5.12,0.0244376066579758
5.13,0.0247203859810058
5.14,0.0244649723989142
5.15,0.0234798057251303
5.16,0.0232426359703331
5.17,0.0228595155971958
5.18,0.0230328319564722
5.19,0.0222392254692571
5.2,0.0213817655865231
5.21,0.0211537177453699
5.22,0.0209074260769244
5.23,0.0203145016899244
5.24,0.0200226004532501
5.25,0.0198857717485582
5.26,0.0193658226707289
5.27,0.0184718751334084
5.28,0.0181252424148539
5.29,0.0180431451920404
5.3,0.017514074200565
5.31,0.0175323180278572
5.32,0.0163099815992747
5.33,0.0170032470363818
5.34,0.0151788643071563
5.35,0.0156440819031088
5.36,0.0146406714020335
5.37,0.0149052068977725
5.38,0.0145403303519274
5.39,0.0138835525694062
5.4,0.0135186760235599
5.41,0.0131081899094854
5.42,0.0128345325001015
5.43,0.0125152655224871
5.44,0.0127706791045775
5.45,0.0118858534809043
5.46,0.0117581466898585
5.47,0.0112290756983831
5.48,0.0109280525480599
5.49,0.0104719568657545
5.5,0.0102439090246013
5.51,0.0102074213700168
5.52,0.00976044760135653
5.53,0.00974220377406341
5.54,0.00950503401926495
5.55,0.00930435191905015
5.56,0.00897596302778955
5.57,0.00903981642331164
5.58,0.00825533184974547
5.59,0.00801816209494616
5.6,0.00820060036786871
5.61,0.00821884419516023
5.62,0.00828269759068386
5.63,0.00787221147660811
5.64,0.00734314048513271
5.65,0.0077992361674384
5.66,0.0078357238220236
5.67,0.00752557875805527
5.68,0.0071059707303334
5.69,0.0069144105437641
5.7,0.00666811887531927
5.71,0.00693265437105697
5.72,0.00644007103416608
5.73,0.00614816979748945
5.74,0.00632148615676642
5.75,0.00606607257467485
5.76,0.005719439856122
5.77,0.00549139201496881
5.78,0.00600221917915142
5.79,0.00558261115143009
5.8,0.0057832932516449
5.81,0.00546402627403043
5.82,0.00532719756933804
5.83,0.00540929479215366
5.84,0.0047616389232786
5.85,0.00499880867807792
5.86,0.00495319910984684
5.87,0.00464305404587895
5.88,0.00465217595952507
5.89,0.00455183490941767
5.9,0.00443325003201762
5.91,0.00457920065035605
5.92,0.00412310496804967
5.93,0.00387681329960423
5.94,0.00449710342754051
5.95,0.00394978860877325
5.96,0.00384944755866585
5.97,0.00418695836357257
5.98,0.00390417904054226
5.99,0.00384032564501972
6,0.00385856947231197
6.01,0.00349369292646687
6.02,0.00362139971751266
6.03,0.00362139971751233
6.04,0.003502814840113
6.05,0.00363052163115878
6.06,0.0033386203944827
6.07,0.00336598613542078
6.08,0.00314706020791402
6.09,0.00311969446697564
6.1,0.00337510804906721
6.11,0.0032017916897905
6.12,0.00302847533051436
6.13,0.00299198767592985
6.14,0.0027092083528999
6.15,0.00275481792113029
6.16,0.00271833026654602
6.17,0.0028095494030073
6.18,0.00262711113008475
6.19,0.00240818520257747
6.2,0.0024446728571622
6.21,0.00265447687102313
6.22,0.00222574692965513
6.23,0.00260886730279226
6.24,0.00219838118871675
6.25,0.00215277162048611
6.26,0.00236257563434705
6.27,0.00207979631131709
6.28,0.00208891822496303
6.29,0.00202506482944033
6.3,0.00199769908850194
6.31,0.00187911421110228
6.32,0.00214364970683979
6.33,0.00188823612474841
6.34,0.00193384569297905
6.35,0.00144126235608816
6.36,0.00168755402453346
6.37,0.00133179939233463
6.38,0.00135916513327301
6.39,0.00150511575161105
6.4,0.00141389661514965
6.41,0.00155072531984169
6.42,0.00155072531984169
6.43,0.00127706791045786
6.44,0.00124970216951937
6.45,0.00120409260128884
6.46,0.00141389661514978
6.47,0.00131355556504237
6.48,0.00129531173775
6.49,0.00145950618338042
6.5,0.00137740896056527
6.51,0.00120409260128884
6.52,0.00118584877399659
6.53,0.00113111729211972
6.54,0.00137740896056527
6.55,0.0012223364285811
6.56,0.00106726389659693
6.57,0.000930435191904932
6.58,0.00109462963753531
6.59,0.000930435191905015
6.6,0.00110375155118144
6.61,0.0010216543283662
6.62,0.00103077624201242
6.63,0.000966922846489525
6.64,0.000875703710028249
6.65,0.000939557105551059
6.66,0.000939557105551142
6.67,0.000766240746274718
6.68,0.000857459882735994
6.69,0.000784484573566904
6.7,0.000830094141797611
6.71,0.000602046300644421
6.72,0.000665899696167315
6.73,0.000620290127936621
6.74,0.00068414352345957
6.75,0.000583802473352166
6.76,0.000592924386998294
6.77,0.000620290127936621
6.78,0.000574680559706039
6.79,0.000501705250537018
6.8,0.000529070991475401
6.81,0.00045609568230638
6.82,0.00053819290512148
6.83,0.000519949077829273
6.84,0.000446973768660252
6.85,0.00049258333689089
6.86,0.0005108271641831
6.87,0.000510827164183145
6.88,0.000565558646059911
6.89,0.000392242286783487
6.9,0.000355754632198945
6.91,0.000474339509598635
6.92,0.000583802473352166
6.93,0.000474339509598635
6.94,0.000419608027721832
6.95,0.000428729941367997
6.96,0.000437851855014125
6.97,0.000419608027721869
6.98,0.000401364200429579
6.99,0.000310145063968338
7,0.000401364200429614
7.01,0.000401364200429614
7.02,0.000456095682306339
7.03,0.000346632718552849
7.04,0.000364876545845104
7.05,0.000319266977614466
7.06,0.000355754632198976
7.07,0.000364876545845071
7.08,0.000282779323029955
7.09,0.000319266977614466
7.1,0.000346632718552849
7.11,0.000337510804906691
7.12,0.000319266977614466
7.13,0.000319266977614466
7.14,0.000291901236676083
7.15,0.000301023150322184
7.16,0.000291901236676083
7.17,0.000319266977614466
7.18,0.000319266977614466
7.19,0.000364876545845071
7.2,0.0002645354957377
7.21,0.000218925927507062
7.22,0.000173316359276424
7.23,0.00025541358209155
7.24,0.000255413582091573
7.25,0.000173316359276424
7.26,0.000209804013860935
7.27,0.000200682100214789
7.28,0.0002645354957377
7.29,0.000200682100214807
7.3,0.000173316359276424
7.31,0.000191560186568679
7.32,0.000182438272922536
7.33,0.000145950618338042
7.34,0.000182438272922552
7.35,0.000191560186568679
7.36,0.000182438272922536
7.37,0.000164194445630297
7.38,0.000173316359276424
7.39,0.000118584877399659
7.4,0.000127706791045775
7.41,0.000200682100214807
7.42,0.000145950618338042
7.43,0.000145950618338042
7.44,0.000136828704691902
7.45,0.000145950618338042
7.46,0.000109462963753531
7.47,0.000127706791045786
7.48,0.000145950618338029
7.49,7.29753091690208e-05
7.5,0.000109462963753531
7.51,0.000100341050107404
7.52,0.000100341050107395
7.53,0.000118584877399659
7.54,2.73657409383828e-05
7.55,9.12191364612759e-05
7.56,6.38533955228932e-05
7.57,0.000100341050107395
7.58,0.000109462963753531
7.59,0.000118584877399659
7.6,4.5609568230638e-05
7.61,4.56095682306339e-05
7.62,0.000100341050107404
7.63,6.38533955228932e-05
7.64,7.29753091690208e-05
7.65,8.20972228151411e-05
7.66,0.000118584877399659
7.67,0.000109462963753531
7.68,4.5609568230638e-05
7.69,2.73657409383804e-05
7.7,5.47314818767656e-05
7.71,3.64876545845104e-05
7.72,5.47314818767656e-05
7.73,1.82438272922536e-05
7.74,8.20972228151484e-05
7.75,2.73657409383828e-05
7.76,7.29753091690208e-05
7.77,9.12191364612679e-06
7.78,5.47314818767656e-05
7.79,1.82438272922552e-05
7.8,3.64876545845104e-05
7.81,4.5609568230638e-05
7.82,5.47314818767607e-05
7.83,1.82438272922552e-05
7.84,2.73657409383828e-05
7.85,3.64876545845104e-05
7.86,3.64876545845071e-05
7.87,9.12191364612759e-06
7.88,3.64876545845104e-05
7.89,1.82438272922552e-05
7.9,1.82438272922536e-05
7.91,4.5609568230638e-05
7.92,2.73657409383828e-05
7.93,1.82438272922552e-05
7.94,2.73657409383804e-05
7.95,2.73657409383828e-05
7.96,1.82438272922552e-05
7.97,2.73657409383828e-05
7.98,2.73657409383804e-05
7.99,1.82438272922552e-05
8,3.64876545845104e-05
8.01,6.38533955228932e-05
8.02,1.8243827292252e-05
8.03,1.82438272922552e-05
8.04,0
8.05,1.82438272922552e-05
8.06,1.82438272922552e-05
8.07,1.82438272922552e-05
8.08,3.64876545845104e-05
8.09,9.12191364612759e-06
8.1,0
8.11,1.8243827292252e-05
8.12,9.12191364612759e-06
8.13,1.82438272922552e-05
8.14,9.12191364612759e-06
8.15,1.82438272922552e-05
8.16,1.82438272922552e-05
8.17,0
8.18,1.82438272922552e-05
8.19,9.12191364612598e-06
8.2,9.12191364612759e-06
8.21,0
8.22,1.82438272922552e-05
8.23,9.12191364612759e-06
8.24,2.73657409383828e-05
8.25,0
8.26,1.82438272922552e-05
8.27,9.12191364612598e-06
8.28,9.12191364612759e-06
8.29,9.12191364612759e-06
8.3,9.12191364612759e-06
8.31,9.12191364612759e-06
8.32,2.73657409383828e-05
8.33,9.12191364612759e-06
8.34,1.82438272922552e-05
8.35,3.64876545845104e-05
8.36,0
8.37,0
8.38,0
8.39,1.82438272922552e-05
8.4,0
8.41,0
8.42,0
8.43,0
8.44,0
8.45,0
8.46,9.12191364612759e-06
8.47,0
8.48,0
8.49,0
8.5,0
8.51,0
8.52,0
8.53,9.12191364612759e-06
8.54,0
8.55,0
8.56,0
8.57,0
8.58,0
8.59,0
8.6,9.12191364612759e-06
8.61,0
8.62,0
8.63,0
8.64,0
8.65,0
8.66,0
8.67,9.12191364612598e-06
8.68,0
8.69,0
8.7,0
8.71,0
8.72,0
8.73,0
8.74,0
8.75,9.12191364612598e-06
